fid,경로당명,주소,Latitude,Longitude,연락처,ringId,distance,NUMPOINTS
"1",대성,전라남도 함평군 함평읍 남일길 91-4,35.0669431,126.512093,061-324-7766,"1",1000.000000,0
"2",함평리,전라남도 함평군 함평읍 한재골길 57,35.0652328,126.5116252,,"1",1000.000000,0
"3",누각옥천,전라남도 함평군 함평읍 중앙길 187-20,35.0644212,126.5172506,061-322-2069,"1",1000.000000,0
"4",기각2리,전라남도 함평군 함평읍 시장길 105,35.0644898,126.5229466,061-324-4025,"1",1000.000000,0
"5",기산,전라남도 함평군 함평읍 사장길 53,35.0685646,126.5196062,061-324-4541,"1",1000.000000,0
"6",기각4리,전라남도 함평군 함평읍 기산길 38,35.0666761,126.5175234,061-324-2333,"1",1000.000000,0
"7",기각5리,전라남도 함평군 함평읍 중앙길 140-18,35.0658025,126.520236,,"1",1000.000000,0
"8",서부,전라남도 함평군 함평읍 광남길 38-30,35.0628848,126.517946,,"1",1000.000000,0
"9",내교2리,전라남도 함평군 함평읍 내대화길 98,35.0624761,126.5145254,061-322-2808,"1",1000.000000,0
"10",내교3리신기,전라남도 함평군 함평읍 내대화길 19,35.0620522,126.5153194,,"1",1000.000000,0
"11",함평,전라남도 함평군 함평읍 들샘길 24-15,35.0605418,126.522565,061-322-2264,"1",1000.000000,0
"12",함평여자,전라남도 함평군 함평읍 들샘길 24-15,35.0605418,126.522565,061-324-2264,"1",1000.000000,0
"13",동부,전라남도 함평군 함평읍 들샘길 52-21,35.0605418,126.522565,,"1",1000.000000,0
"14",외대화,전라남도 함평군 함평읍 외대화길 39,35.0584697,126.5123289,,"1",1000.000000,0
"15",동광아파트,전라남도 함평군 함평읍 내대화길 112-12,35.0617653,126.5149231,,"1",1000.000000,0
"16",주공,전라남도 함평군 함평읍 교광길 13-8,35.0617572,126.517871,061-322-0599,"1",1000.000000,0
"17",라뷔랑,전라남도 함평군 함평읍 내대화길 112-11,35.0617562,126.5157246,061-324-9604,"1",1000.000000,0
"18",수호,전라남도 함평군 함평읍 함장로 1047-9,35.054433,126.5136134,061-324-0186,"1",1000.000000,15
"19",평호,전라남도 함평군 함평읍 평호길 45,35.0540562,126.5093486,,"1",1000.000000,11
"20",대등,전라남도 함평군 함평읍 대등길 52,35.043699,126.5031428,,"1",1000.000000,12
"21",해동,전라남도 함평군 함평읍 해동길 21,35.0464908,126.5070496,061-322-2776,"1",1000.000000,16
"22",송정,전라남도 함평군 함평읍 송정길 37,35.0371448,126.5001128,061-324-4300,"1",1000.000000,6
"23",소등,전라남도 함평군 함평읍 소등길 23,35.0399253,126.4941341,061-324-5050,"1",1000.000000,8
"24",성북,전라남도 함평군 함평읍 성북길 37-11,35.0408944,126.4864019,061-324-0087,"1",1000.000000,12
"25",삼정,전라남도 함평군 함평읍 함장로 671-5,35.0375427,126.4827498,061-324-3824,"1",1000.000000,12
"26",금곡,전라남도 함평군 함평읍 금곡길 33,35.0395362,126.4731049,061-324-7600,"1",1000.000000,8
"27",신풍,전라남도 함평군 함평읍 신풍길 19,35.0358723,126.4779128,061-322-1399,"1",1000.000000,8
"28",노송,전라남도 함평군 함평읍 자풍길 14-3,35.0358829,126.4737373,061-324-0852,"1",1000.000000,8
"29",만흥,전라남도 함평군 함평읍 작동신풍길 180,35.0492134,126.4813831,,"1",1000.000000,6
"30",만년,전라남도 함평군 함평읍 만년길 34-3,35.0470105,126.4860008,,"1",1000.000000,8
"31",초동,전라남도 함평군 함평읍 초동길 110,35.0523067,126.4903346,061-324-1151,"1",1000.000000,8
"32",산음,전라남도 함평군 함평읍 장교길 34,35.0632712,126.49443,,"1",1000.000000,4
"33",칠언,전라남도 함평군 함평읍 장교길 87-14,35.0604805,126.491231,,"1",1000.000000,8
"34",월봉,전라남도 함평군 함평읍 월봉길 77,35.0586417,126.4787443,061-324-0177,"1",1000.000000,5
"35",작동,전라남도 함평군 함평읍 작동신풍길 256-39,35.0557775,126.4835908,,"1",1000.000000,9
"36",자명,전라남도 함평군 함평읍 자명동길 73,35.0664498,126.4769966,061-324-1173,"1",1000.000000,3
"37",흥용,전라남도 함평군 함평읍 돌머리길 174-5,35.0779667,126.4899344,061-324-8886,"1",1000.000000,10
"38",가작,전라남도 함평군 함평읍 가작길 33-1,35.0744446,126.4904675,,"1",1000.000000,6
"39",용산,전라남도 함평군 함평읍 용산길 75-9,35.0771802,126.4839701,061-322-1014,"1",1000.000000,6
"40",옥산,전라남도 함평군 함평읍 옥산길 13-3,35.0826373,126.4835643,,"1",1000.000000,12
"41",가동,전라남도 함평군 함평읍 가동길 13-4,35.0793266,126.4777343,061-322-2266,"1",1000.000000,6
"42",주포,전라남도 함평군 함평읍 주포로 378,35.0953859,126.4630311,,"1",1000.000000,10
"43",덕흥,전라남도 함평군 함평읍 주포로 341,35.0926841,126.4640578,,"1",1000.000000,11
"44",주포한옥마을,전라남도 함평군 함평읍 주포한옥길 67,35.094984,126.463403,,"1",1000.000000,11
"45",석성2리,전라남도 함평군 함평읍 돌머리길 589,35.083535,126.4493585,,"1",1000.000000,6
"46",청학,전라남도 함평군 함평읍 청학동길 11-7,35.0844298,126.4612289,061-322-9985,"1",1000.000000,10
"47",장고산,전라남도 함평군 함평읍 장고산길 20-2,35.1085525,126.4839848,061-323-8284,"1",1000.000000,14
"48",월선,전라남도 함평군 함평읍 월선길 71,35.0967369,126.4747962,,"1",1000.000000,9
"49",구주포,전라남도 함평군 함평읍 주포로 262-1,35.0936851,126.4715138,,"1",1000.000000,13
"50",백년,전라남도 함평군 함평읍 장년길 71,35.0958852,126.4754481,061-322-3814,"1",1000.000000,7
"51",양림,전라남도 함평군 함평읍 양림길 112,35.0891254,126.4995969,061-324-4427,"1",1000.000000,10
"52",대진,전라남도 함평군 함평읍 한나리길 59,35.0976495,126.4904544,,"1",1000.000000,4
"53",고양촌,전라남도 함평군 함평읍 고양촌길 45,35.0818102,126.5016465,061-324-3808,"1",1000.000000,12
"54",대천,전라남도 함평군 함평읍 대천길 37,35.0708333,126.4987796,061-322-0918,"1",1000.000000,16
"55",백곡,전라남도 함평군 함평읍 남일길 219-6,35.0741117,126.5064611,061-322-5515,"1",1000.000000,17
"56",성덕,전라남도 함평군 함평읍 성덕길 41-4,35.0787046,126.4613068,061-323-6600,"1",1000.000000,6
"57",호산,전라남도 함평군 손불면  지호길  2,35.1540774,126.3946664,061-324-0181,"1",1000.000000,5
"58",복학,전라남도 함평군 손불면 복학길  32,35.1687513,126.3814939,,"1",1000.000000,7
"59",금곡,전라남도 함평군 손불면 손불금곡길 32,35.1651282,126.3914506,,"1",1000.000000,5
"60",학산,전라남도 함평군 손불면 학산길  76,35.1526854,126.3906958,,"1",1000.000000,5
"61",해은,전라남도 함평군 손불면 함평항길113-3,35.1608809,126.3783188,061-324-6073,"1",1000.000000,0
"62",양재,전라남도 함평군 손불면 양재길    195,35.1711673,126.4038715,061-324-3005,"1",1000.000000,4
"63",모량,전라남도 함평군 손불면 모량길      38,35.1604384,126.411034,061-324-4126,"1",1000.000000,9
"64",승선,전라남도 함평군 손불면 북성길      97,35.1588662,126.4175541,061-324-5137,"1",1000.000000,9
"65",사기,전라남도 함평군 손불면 북성길 241,35.1693596,126.423029,061-324-4944,"1",1000.000000,4
"66",차경,전라남도 함평군 손불면 차경길   46-9,35.1636431,126.4281366,061-324-4601,"1",1000.000000,4
"67",월천,전라남도 함평군 손불면 월천길 48,35.1402824,126.4192504,061-322-5722,"1",1000.000000,10
"68",신기,전라남도 함평군 손불면 신기길 55,35.1432381,126.43178,061-324-0311,"1",1000.000000,0
"69",안악,전라남도 함평군 손불면 안악길 107-1,35.1377823,126.3926877,061-324-7767,"1",1000.000000,5
"70",서호,전라남도 함평군 손불면 손무로 1058,35.1549492,126.4078648,061-322-4822,"1",1000.000000,9
"71",월산,전라남도 함평군 손불면 손무로 1048,35.1372175,126.4343771,,"1",1000.000000,0
"72",저수,전라남도 함평군 손불면 신동길112-22,35.1455488,126.4141447,061-322-4408,"1",1000.000000,8
"73",늘밭,전라남도 함평군 손불면 늘밭길 70-1,35.1516896,126.4180827,061-322-2290,"1",1000.000000,9
"74",백옥,전라남도 함평군 손불면 백옥길 5,35.1381408,126.4035059,061-324-1487,"1",1000.000000,6
"75",수문,전라남도 함평군 손불면 저전길  4-10,35.1455654,126.4352494,061-322-1604,"1",1000.000000,0
"76",손불,전라남도 함평군 손불면 손무로 771-16,35.1416795,126.4299307,061-322-4666,"1",1000.000000,0
"77",대전여,전라남도 함평군 손불면 손불중앙길 45-9,35.1434587,126.4290241,,"1",1000.000000,0
"78",손불제일,전라남도 함평군 손불면 손무로 780,35.1427885,126.4282261,,"1",1000.000000,0
"79",동암,전라남도 함평군 손불면 동암로 310,35.1452159,126.4636507,061-322-8441,"1",1000.000000,10
"80",동암2리,전라남도 함평군 손불면 봉동길 53,35.1503181,126.468469,061-322-1213,"1",1000.000000,12
"81",죽장1리,전라남도 함평군 손불면 죽암죽장길 349,35.1393283,126.4738408,,"1",1000.000000,10
"82",수철,전라남도 함평군 손불면 죽장길 163,35.1360393,126.4559748,061-324-9779,"1",1000.000000,4
"83",죽림,전라남도 함평군 손불면 죽장길 104,35.1353269,126.4569913,,"1",1000.000000,4
"84",석령,전라남도 함평군 손불면 석령길 40-2,35.1314579,126.4694817,061-322-7041,"1",1000.000000,6
"85",소명,전라남도 함평군 손불면 소명동길 83,35.1312938,126.4840516,,"1",1000.000000,6
"86",궁산1리,전라남도 함평군 손불면 궁산길  14-2,35.0992619,126.46639,061-322-1452,"1",1000.000000,11
"87",중신흥,전라남도 함평군 손불면 중신흥길 39,35.1032932,126.4678568,061-322-8811,"1",1000.000000,2
"88",목교,전라남도 함평군 손불면 목교길   48-3,35.1104489,126.4757966,061-322-2058,"1",1000.000000,10
"89",묘동,전라남도 함평군 손불면 묘동길 23,35.120408,126.4604769,061-322-4195,"1",1000.000000,4
"90",궁산(덕산),전라남도 함평군 손불면 손불덕산길 115,35.1135568,126.466155,,"1",1000.000000,8
"91",석계,전라남도 함평군 손불면 석계길  26-17,35.1105566,126.4286797,061-323-8694,"1",1000.000000,12
"92",해석,전라남도 함평군 손불면 석산로  267,35.1074305,126.4455003,,"1",1000.000000,6
"93",대덕,전라남도 함평군 손불면 석창길  48,35.1119618,126.4282972,061-322-0930,"1",1000.000000,12
"94",대발,전라남도 함평군 손불면 석산로 148-2,35.1041707,126.4580908,061-322-8009,"1",1000.000000,6
"95",산남1리,전라남도 함평군 손불면 감남길 98-3,35.1234325,126.43261,061-322-0002,"1",1000.000000,20
"96",대성,전라남도 함평군 손불면 대성길  21,35.1235357,126.4240236,061-322-9513,"1",1000.000000,20
"97",교촌,전라남도 함평군 손불면 석산로   520,35.1199048,126.4252432,,"1",1000.000000,24
"98",용흥,전라남도 함평군 손불면 손불용흥길 54,35.1374165,126.4421018,,"1",1000.000000,6
"99",기서,전라남도 함평군 손불면 손불용흥길 111,35.1375079,126.4388413,,"1",1000.000000,0
"100",수연,전라남도 함평군 손불면 수연길   20,35.1365431,126.4248801,061-323-8862,"1",1000.000000,0
"101",강석,전라남도 함평군 손불면 산남길 243-13,35.126403,126.4207101,,"1",1000.000000,18
"102",북풍,전라남도 함평군 손불면 북풍길 24,35.1270178,126.4250877,,"1",1000.000000,20
"103",내감,전라남도 함평군 손불면 석산로 598,35.1249728,126.4203866,061-322-4178,"1",1000.000000,18
"104",유록,전라남도 함평군 손불면 유록길 19-6,35.1301503,126.4293522,061-324-0866,"1",1000.000000,19
"105",청등,전라남도 함평군 손불면 산남길 118,35.1320744,126.423751,,"1",1000.000000,10
"106",신평,전라남도 함평군 손불면 손불신평길 81,35.1222092,126.4700164,,"1",1000.000000,6
"107",보여,전라남도 함평군 신광면  보전길 8,35.1838172,126.4587592,061-322-1566,"1",1000.000000,11
"108",기동,전라남도 함평군 신광면  일강로 695,35.1846671,126.4627998,061-322-5412,"1",1000.000000,11
"109",송사1리,전라남도 함평군 신광면  일강로 447-31,35.1759949,126.4483367,061-323-6242,"1",1000.000000,2
"110",삼천동,전라남도 함평군 신광면 일강로358,35.17876,126.463956,061-322-5418,"1",1000.000000,11
"111",냉천,전라남도 함평군 신광면  동산길 18-4,35.173068,126.4772149,061-323-0877,"1",1000.000000,4
"112",삼양동,전라남도 함평군 신광면  군유로 426,35.168896,126.4715871,061-322-9876,"1",1000.000000,11
"113",신여,전라남도 함평군 신광면  군유로 536,35.170763,126.4605073,061-322-5956,"1",1000.000000,9
"114",수정,전라남도 함평군 신광면  수정길 103-8,35.1650233,126.4614277,061-322-7633,"1",1000.000000,9
"115",구봉,전라남도 함평군 신광면  일강로 851-4,35.1885655,126.478733,061-322-5539,"1",1000.000000,14
"116",연화,전라남도 함평군 신광면  함영로 2549,35.1853635,126.4884847,061-323-5556,"1",1000.000000,24
"117",청계,전라남도 함평군 신광면 청계길31-4,35.1823817,126.4793949,061-322-1220,"1",1000.000000,16
"118",원남,전라남도 함평군 신광면  원남길 45,35.1787346,126.5092234,061-322-5163,"1",1000.000000,4
"119",학동,전라남도 함평군 신광면  신광학동길 37-5,35.176579,126.5138872,061-322-1515,"1",1000.000000,6
"120",덕동,전라남도 함평군 신광면  덕동길 39,35.1782997,126.5226569,061-324-0093,"1",1000.000000,4
"121",덕산,전라남도 함평군 신광면  삼덕길 145,35.1653268,126.5153597,061-323-5473,"1",1000.000000,0
"122",덕천,전라남도 함평군 신광면  덕천길 26-10,35.1653087,126.5053179,061-322-3995,"1",1000.000000,14
"123",좌야,전라남도 함평군 신광면  좌야길 13,35.1695731,126.5001566,061-322-2285,"1",1000.000000,18
"124",저동,전라남도 함평군 신광면 숙구길 98,35.1660537,126.4937837,061-322-5980,"1",1000.000000,18
"125",백운2리,전라남도 함평군 신광면 신광중앙길69-3,35.1532167,126.4959485,061-322-5140,"1",1000.000000,19
"126",복치,전라남도 함평군 신광면  복치길 91,35.1587756,126.4809484,061-322-5076,"1",1000.000000,6
"127",괴치,전라남도 함평군 신광면  군유로 253,35.1546357,126.4765631,061-322-5089,"1",1000.000000,9
"128",계월,전라남도 함평군 신광면  계천길 13,35.147161,126.4950317,061-322-1355,"1",1000.000000,18
"129",사동,전라남도 함평군 신광면  사동길 22-3,35.1425188,126.4971856,061-322-5317,"1",1000.000000,7
"130",사천,전라남도 함평군 신광면  사천길 45,35.15013,126.485918,061-322-4019,"1",1000.000000,13
"131",월암1리,전라남도 함평군 신광면  연천길 21,35.1516363,126.5047999,061-323-8612,"1",1000.000000,13
"132",가야,전라남도 함평군 신광면 신광중앙길 87,35.1554954,126.4987547,061-322-5064,"1",1000.000000,19
"133",수인,전라남도 함평군 신광면  신광중앙길 101-3,35.1563597,126.4976917,061-323-5240,"1",1000.000000,19
"134",동백,전라남도 함평군 신광면 동백길 18,35.1320151,126.4937383,061-322-5052,"1",1000.000000,9
"135",호덕,전라남도 함평군 신광면  호덕길 50-4,35.1360223,126.4872161,061-322-7720,"1",1000.000000,7
"136",벽유,전라남도 함평군 신광면  벽류길 97-1,35.1186839,126.4874051,061-322-5261,"1",1000.000000,13
"137",미출,전라남도 함평군 신광면  미출길 13,35.1118149,126.4843171,061-322-5626,"1",1000.000000,15
"138",학천,전라남도 함평군 신광면  학천길 114,35.12207,126.4863069,061-322-4440,"1",1000.000000,8
"139",두동,전라남도 함평군 학교면 두동길 68-1,35.0526736,126.5798196,061-322-6855,"1",1000.000000,8
"140",장동,전라남도 함평군 학교면 학교장동길 2,35.0452979,126.581987,061-322-7969,"1",1000.000000,4
"141",내동,전라남도 함평군 학교면 내동길 46-1,35.0572375,126.5750095,061-322-6941,"1",1000.000000,6
"142",복산,전라남도 함평군 학교면 복산길 952,35.0170907,126.5374333,061-322-5795,"1",1000.000000,0
"143",고막1리,전라남도 함평군 학교면 고막천로 643-16,35.033519,126.5924478,061-323-7603,"1",1000.000000,4
"144",재생,전라남도 함평군 학교면 영산로 3933-25,35.0359999,126.5783318,061-323-6183,"1",1000.000000,2
"145",광진,전라남도 함평군 학교면 고막천로 419-3,35.0186527,126.5836086,061-322-6294,"1",1000.000000,2
"146",석정,전라남도 함평군 학교면 고막천로 141-4,35.0065451,126.5878247,061-323-7167,"1",1000.000000,12
"147",흥용동,전라남도 함평군 학교면 동림흥용길 32-22,35.0086976,126.5826464,061-322-7809,"1",1000.000000,10
"148",동림동,전라남도 함평군 학교면 동림흥용길 59-5,35.007956,126.5795019,061-322-6084,"1",1000.000000,13
"149",건지,전라남도 함평군 학교면 고막천로 125,35.0060409,126.5860948,061-322-6951,"1",1000.000000,12
"150",금송,전라남도 함평군 학교면 고막천로 52,35.0042952,126.5785562,061-323-6751,"1",1000.000000,16
"151",반곡,전라남도 함평군 학교면 중천포로 37-4,35.0034767,126.5626624,061-323-6176,"1",1000.000000,4
"152",금산,전라남도 함평군 학교면 중천포로 467,34.9997526,126.5751941,061-323-6143,"1",1000.000000,12
"153",향동,전라남도 함평군 학교면 중천포로 510-21,34.9951171,126.5751343,061-323-5988,"1",1000.000000,9
"154",방우동,전라남도 함평군 학교면 중천포로 372,35.0063545,126.5687827,061-322-6796,"1",1000.000000,8
"155",배야,전라남도 함평군 학교면 망월동길 18,34.9900516,126.5744576,061-322-6833,"1",1000.000000,7
"156",기동,전라남도 함평군 학교면 중천포로 604-17,34.987074,126.5789668,061-322-7933,"1",1000.000000,5
"157",망월동,전라남도 함평군 학교면 망월동길 53,34.9895186,126.5719083,061-323-6571,"1",1000.000000,7
"158",용호,전라남도 함평군 학교면 월호길 120-1,34.9838424,126.5743352,061-322-7674,"1",1000.000000,5
"159",곡창,전라남도 함평군 학교면 곡창길 33,35.0001143,126.536349,061-322-6634,"1",1000.000000,6
"160",곡창2리,전라남도 함평군 학교면 서당매길 35,35.0055521,126.536721,061-323-7633,"1",1000.000000,13
"161",백학,전라남도 함평군 학교면 큰동네길 88-4,35.0158711,126.5382321,061-322-6244,"1",1000.000000,0
"162",이암,전라남도 함평군 학교면 중천포로 20,35.0101977,126.5364148,,"1",1000.000000,13
"163",영화촌,전라남도 함평군 학교면 영화촌길 9,35.015673,126.5490669,061-323-6644,"1",1000.000000,4
"164",신학,전라남도 함평군 학교면 학다리길 224,35.0125634,126.5352628,061-322-6170,"1",1000.000000,15
"165",쌍교,전라남도 함평군 학교면 학다리길 336-10,35.0175152,126.5373362,061-322-6566,"1",1000.000000,0
"166",학교중앙,전라남도 함평군 학교면 학다리길 336-12,35.0177883,126.5371155,061-322-6309,"1",1000.000000,0
"167",학교6리,전라남도 함평군 학교면 학다리길 289,35.0152467,126.5364541,061-322-7855,"1",1000.000000,0
"168",회춘동,전라남도 함평군 학교면 회춘동길 2-1,35.0120059,126.5399388,061-322-6423,"1",1000.000000,17
"169",달배기,전라남도 함평군 학교면 닻빼기길 26,35.0169937,126.5390865,061-322-6090,"1",1000.000000,0
"170",명암,전라남도 함평군 학교면 학교길 119,35.0260159,126.5373382,061-322-6602,"1",1000.000000,0
"171",경화,전라남도 함평군 학교면 경화동길 14-16,35.0305972,126.534848,061-322-6626,"1",1000.000000,0
"172",율동,전라남도 함평군 학교면 율동길 19,35.0342614,126.5365009,061-322-6640,"1",1000.000000,21
"173",사거3,전라남도 함평군 학교면 사거리길 35,35.0228576,126.5334543,061-322-3834,"1",1000.000000,0
"174",청정,전라남도 함평군 학교면 사거리길 103,35.0257875,126.5322317,061-322-6368,"1",1000.000000,0
"175",송산,전라남도 함평군 학교면 송산길 56-2,35.0435953,126.5395994,061-322-1304,"1",1000.000000,16
"176",송정,전라남도 함평군 학교면 학교월산길 84-1,35.0420543,126.5426221,061-322-1315,"1",1000.000000,16
"177",학교문화마을,전라남도 함평군 학교면 송산길 46,35.0437548,126.538552,,"1",1000.000000,16
"178",신흥동,전라남도 함평군 학교면 신흥동길 30,35.0468164,126.5368754,061-322-9736,"1",1000.000000,12
"179",화산,전라남도 함평군 학교면 학교화산길 53-5,35.0530027,126.5382492,061-322-1922,"1",1000.000000,12
"180",월봉,전라남도 함평군 학교면 학교월봉길 79,35.0372167,126.5453283,061-322-6083,"1",1000.000000,6
"181",정자동,전라남도 함평군 학교면 정자동길 24-4,35.027918,126.5508755,061-323-6703,"1",1000.000000,5
"182",덕산,전라남도 함평군 학교면 덕산길 5-5,35.0370051,126.551297,,"1",1000.000000,10
"183",선암,전라남도 함평군 학교면 선암길 20-2,35.0173567,126.5645207,061-322-6926,"1",1000.000000,3
"184",둔기,전라남도 함평군 학교면 둔기길 65,35.022335,126.545833,061-322-6331,"1",1000.000000,10
"185",호암,전라남도 함평군 학교면 학교호암길 9-6,35.0367407,126.5659111,061-322-6280,"1",1000.000000,4
"186",청수원,전라남도 함평군 학교면 청수원길 24-6,35.0452264,126.5571942,061-322-7897,"1",1000.000000,10
"187",신기,전라남도 함평군 학교면 학교신기길 9,35.0476763,126.5540975,061-322-7967,"1",1000.000000,14
"188",표산,전라남도 함평군 학교면 표산길 36-5,35.0565443,126.5487761,061-322-3290,"1",1000.000000,8
"189",신평,전라남도 함평군 학교면 학교신평길 23-1,35.0519978,126.5523936,061-323-6171,"1",1000.000000,12
"190",성산,전라남도 함평군 엄다면 성산길 18-7,35.0042302,126.5087545,061-322-9220,"1",1000.000000,0
"191",번동,전라남도 함평군 엄다면 엄다길 66,35.0096069,126.5171483,061-323-5460,"1",1000.000000,0
"192",엄다,전라남도 함평군 엄다면 엄다길 59-5,35.010237,126.516495,061-322-7318,"1",1000.000000,0
"193",불암,전라남도 함평군 엄다면  불암길 35,35.0037696,126.5205433,061-323-6056,"1",1000.000000,0
"194",제동,전라남도 함평군 엄다면  제동길 14,35.0011805,126.513645,061-323-2343,"1",1000.000000,12
"195",정동,전라남도 함평군 엄다면 정동길 34-1,35.0046679,126.5151977,061-323-3618,"1",1000.000000,0
"196",신양동,전라남도 함평군 엄다면 엄다길 24-3,35.0105838,126.5131626,061-322-2909,"1",1000.000000,0
"197",노상,전라남도 함평군 엄다면 노상길 19,35.0200489,126.5035543,061-323-7662,"1",1000.000000,4
"198",해정,전라남도 함평군 엄다면 해정길 2,35.0172227,126.5151088,061-322-7140,"1",1000.000000,0
"199",송촌,전라남도 함평군 엄다면 송촌길 33-2,35.011073,126.5046271,061-322-3349,"1",1000.000000,16
"200",담안,전라남도 함평군 엄다면 담안길 38,35.0160368,126.509982,061-324-7427,"1",1000.000000,0
"201",베다니,전라남도 함평군 엄다면 신송길 13-32,35.0117604,126.5095107,,"1",1000.000000,0
"202",화계,전라남도 함평군 엄다면 신송길 243-17,35.0262582,126.4930512,061-323-2033,"1",1000.000000,2
"203",장동,전라남도 함평군 엄다면 신송길 271-1,35.0286611,126.4932625,061-322-0898,"1",1000.000000,2
"204",우평,전라남도 함평군 엄다면 신송길 231-177,35.0252154,126.4895783,061-322-3696,"1",1000.000000,2
"205",삼원,전라남도 함평군 엄다면 원삼정길 88-10,34.9977913,126.5045402,061-323-7678,"1",1000.000000,0
"206",송정,전라남도 함평군 엄다면 삼정길 76,34.9975391,126.4981281,061-322-7066,"1",1000.000000,0
"207",삼정,전라남도 함평군 엄다면 삼정길 85,34.9974448,126.4991036,061-322-7730,"1",1000.000000,0
"208",영천,전라남도 함평군 엄다면 영흥길 78-25,34.9889431,126.5271374,061-323-6886,"1",1000.000000,5
"209",흥용동,전라남도 함평군 엄다면 영흥길 199-3,34.9803214,126.5311369,061-324-5566,"1",1000.000000,3
"210",영흥,전라남도 함평군 엄다면 곤재로 898-3,34.9844897,126.5220347,061-324-5560,"1",1000.000000,5
"211",학야1리,전라남도 함평군 엄다면 학야길 51,35.0229288,126.524237,061-323-4988,"1",1000.000000,0
"212",토교,전라남도 함평군 엄다면 영산로 3408-18,35.0176932,126.5268675,061-322-3141,"1",1000.000000,0
"213",대천,전라남도 함평군 엄다면 학야길 113,35.0274572,126.5248339,061-322-5526,"1",1000.000000,0
"214",성암,전라남도 함평군 엄다면 성암길 37,35.0266847,126.5100758,,"1",1000.000000,4
"215",와촌,전라남도 함평군 엄다면 곤재로 291,35.0338859,126.5134015,,"1",1000.000000,9
"216",화양,전라남도 함평군 엄다면 화양길 68,35.0420116,126.5147316,061-322-7209,"1",1000.000000,12
"217",농포,전라남도 함평군 엄다면 화양길 21,35.0439022,126.5105743,061-322-1356,"1",1000.000000,12
"218",정양,전라남도 함평군 엄다면 수산길 49,35.0496148,126.5170349,061-322-0635,"1",1000.000000,13
"219",쌍천,전라남도 함평군 엄다면 쌍천길 105,35.0381262,126.5257698,061-322-7555,"1",1000.000000,12
"220",비석동,전라남도 함평군 엄다면  곤재로 543-1,35.0130635,126.5175088,061-323-0029,"1",1000.000000,0
"221",송암,전라남도 함평군 엄다면 정동길5-9,35.0035005,126.5168806,,"1",1000.000000,0
"222",옥동,전라남도 함평군 대동면 옥동길 49,35.07839,126.5874364,061-323-3800,"1",1000.000000,9
"223",나막,전라남도 함평군 대동면 대동길 29-37,35.0685003,126.5336709,061-322-3367,"1",1000.000000,12
"224",금적,전라남도 함평군 대동면 고막천로 1095,35.0656597,126.589105,061-323-9859,"1",1000.000000,5
"225",월송,전라남도 함평군 대동면 동암길 25,35.0852929,126.5625408,,"1",1000.000000,4
"226",석호,전라남도 함평군 대동면 석호길 50-4,35.0638325,126.5519304,061-322-3959,"1",1000.000000,6
"227",용목골,전라남도 함평군 대동면 백호길 56-84,35.0652228,126.54601,,"1",1000.000000,6
"228",백련,전라남도 함평군 대동면 백련동길 51,35.069437,126.5638922,061-322-9855,"1",1000.000000,4
"229",보화,전라남도 함평군 대동면 보화촌길 52,35.0654283,126.5667612,061-324-2117,"1",1000.000000,4
"230",송산,전라남도 함평군 대동면 송산길 12-8,35.0441473,126.5391831,,"1",1000.000000,16
"231",상강,전라남도 함평군 대동면 상강길 96,35.0829604,126.5433718,061-322-5898,"1",1000.000000,6
"232",주평,전라남도 함평군 대동면 주평길 64,35.0772339,126.5504985,061-324-4343,"1",1000.000000,8
"233",홍지학송,전라남도 함평군 대동면 함장로 1693-10,35.0883257,126.5510074,061-322-1037,"1",1000.000000,8
"234",상교,전라남도 함평군 대동면 대동길 129,35.0737711,126.5412755,061-324-0766,"1",1000.000000,11
"235",중남교,전라남도 함평군 대동면 향교길 31-16,35.0669089,126.5360148,061-322-0929,"1",1000.000000,12
"236",고시,전라남도 함평군 대동면 고시길 42,35.0522642,126.5345619,,"1",1000.000000,9
"237",명륜,전라남도 함평군 대동면 대동길 9,35.0683551,126.5315818,061-324-3722,"1",1000.000000,17
"238",향교,전라남도 함평군 대동면 대동길 5-32,35.069187,126.5310538,061-322-3584,"1",1000.000000,16
"239",아차,전라남도 함평군 대동면 아차동길 37,35.0821102,126.5226433,061-323-0097,"1",1000.000000,4
"240",고산,전라남도 함평군 대동면 고산동길 97,35.0921966,126.5235624,061-322-3069,"1",1000.000000,4
"241",외덕,전라남도 함평군 대동면 외덕길 35,35.0915189,126.516258,061-323-3807,"1",1000.000000,6
"242",내덕,전라남도 함평군 대동면 내덕길 17-3,35.0927814,126.5144717,061-323-3247,"1",1000.000000,8
"243",용연,전라남도 함평군 대동면 용연길 38-1,35.0996953,126.5059376,,"1",1000.000000,7
"244",구룡,전라남도 함평군 대동면 구룡동길 33,35.1040161,126.511119,,"1",1000.000000,13
"245",정창,전라남도 함평군 대동면 정창길 21,35.102307,126.5192025,061-323-0046,"1",1000.000000,11
"246",금성,전라남도 함평군 대동면 금성동길 37-10,35.1085585,126.5187395,061-322-2515,"1",1000.000000,8
"247",괴정,전라남도 함평군 대동면 괴정길 12-2,35.1004303,126.5100666,061-322-3005,"1",1000.000000,9
"248",해운,전라남도 함평군 대동면 학동로 1118-4,35.118392,126.5070487,061-324-8100,"1",1000.000000,9
"249",마량,전라남도 함평군 대동면 마량길 17,35.1215411,126.5051519,061-322-4967,"1",1000.000000,7
"250",감산,전라남도 함평군 대동면 금산길 155-21,35.118499,126.4970335,061-322-3812,"1",1000.000000,15
"251",금구,전라남도 함평군 대동면 학동로 1202-9,35.1234251,126.5001101,061-322-3862,"1",1000.000000,13
"252",노적,전라남도 함평군 대동면 노적길 5,35.1087348,126.491156,061-322-3649,"1",1000.000000,12
"253",연암,전라남도 함평군 대동면 연암길 166,35.1468467,126.5361811,061-322-0223,"1",1000.000000,4
"254",향교주공,전라남도 함평군 대동면 영수길 367,35.0676634,126.5296877,,"1",1000.000000,0
"255",서호,전라남도 함평군 대동면 서호길 30,35.1217111,126.5468655,,"1",1000.000000,2
"256",계동,전라남도 함평군  나산면 계동길 102-4,35.1502082,126.5946738,061-322-4561,"1",1000.000000,6
"257",관동,전라남도 함평군  나산면 나산월봉길 173-43,35.1212052,126.590456,,"1",1000.000000,4
"258",구산,전라남도 함평군  나산면 구산원선길 56,35.1027429,126.5832006,061-323-1141,"1",1000.000000,7
"259",구산2리,전라남도 함평군  나산면 삼방길 23,35.1011873,126.5731417,061-323-0188,"1",1000.000000,11
"260",금수,전라남도 함평군  나산면 함장로 2426,35.1147292,126.6082581,061-322-1211,"1",1000.000000,15
"261",나산1리,전라남도 함평군  나산면 이인정길 16,35.1126373,126.6166939,061-323-9412,"1",1000.000000,14
"262",나성,전라남도 함평군  나산면 나산길 82-10,35.1135594,126.6103205,061-322-8223,"1",1000.000000,17
"263",나심,전라남도 함평군  나산면 나산길 20,35.1110218,126.6097427,061-323-9469,"1",1000.000000,17
"264",덕림,전라남도 함평군  나산면 백양길 8-1,35.0987848,126.5910614,061-322-9933,"1",1000.000000,7
"265",마산,전라남도 함평군  나산면 수하길 87,35.1001512,126.6152367,,"1",1000.000000,2
"266",방하,전라남도 함평군  나산면 방하동길 40,35.1103442,126.6177253,,"1",1000.000000,12
"267",분토,전라남도 함평군  나산면 분토길 50,35.1320295,126.6053629,,"1",1000.000000,10
"268",사산,전라남도 함평군  나산면 사산길 45,35.1363983,126.6014189,061-322-8083,"1",1000.000000,14
"269",사정,전라남도 함평군  나산면 시루뫼길 18-2,35.1406827,126.6177843,061-322-4888,"1",1000.000000,10
"270",삼리,전라남도 함평군  나산면 이문길 20,35.1355368,126.6218147,061-322-8250,"1",1000.000000,8
"271",삼성,전라남도 함평군  나산면 함장로 1941-15,35.1005876,126.5702095,061-322-8101,"1",1000.000000,8
"272",상축,전라남도 함평군  나산면 삼축길 133-26,35.1278928,126.6053791,,"1",1000.000000,13
"273",석지,전라남도 함평군  나산면 석지길 45,35.1262144,126.6276395,061-322-5744,"1",1000.000000,4
"274",석현,전라남도 함평군  나산면 회화정길 29-2,35.1398663,126.6258884,061-322-4138,"1",1000.000000,14
"275",선박,전라남도 함평군  나산면 선박길 116,35.1479116,126.6459651,,"1",1000.000000,4
"276",송암,전라남도 함평군  나산면 월암로 1331,35.119252,126.6344733,061-323-4368,"1",1000.000000,2
"277",송죽,전라남도 함평군  나산면 월암로 1384,35.1181537,126.6295617,,"1",1000.000000,8
"278",수하,전라남도 함평군  나산면 수하길 11,35.1025568,126.6078256,061-323-8826,"1",1000.000000,5
"279",수하2리,전라남도 함평군  나산면 장제동길 67,35.1044277,126.6037992,061-323-0034,"1",1000.000000,6
"280",신평,전라남도 함평군  나산면 월신길 314,35.1105243,126.6317692,,"1",1000.000000,2
"281",오수,전라남도 함평군  나산면 용머리길 8,35.1476864,126.6185109,061-322-8391,"1",1000.000000,8
"282",용산,전라남도 함평군  나산면 나산월봉길115-30,35.1172427,126.5947904,,"1",1000.000000,4
"283",용수,전라남도 함평군  나산면 용머리길 86,35.1545425,126.6187066,061-323-4501,"1",1000.000000,6
"284",우치,전라남도 함평군  나산면 우치길 77,35.1414685,126.5981544,061-323-6034,"1",1000.000000,14
"285",원석현,전라남도 함평군  나산면 석현회룡동길 110,35.1442794,126.6269248,061-322-1599,"1",1000.000000,10
"286",원선,전라남도 함평군  나산면 구산원선길 245,35.1173958,126.5790077,061-322-8890,"1",1000.000000,3
"287",원초포,전라남도 함평군  나산면 원초포길 5,35.1388939,126.604837,061-323-8080,"1",1000.000000,14
"288",월봉,전라남도 함평군  나산면 나산월봉길 121-16,35.1187723,126.594095,061-322-4170,"1",1000.000000,6
"289",월평,전라남도 함평군  나산면 월평길 171-2,35.1279878,126.5913013,061-322-8086,"1",1000.000000,5
"290",월현,전라남도 함평군  나산면 나산월현길 38,35.1410674,126.6437697,061-322-0326,"1",1000.000000,9
"291",유덕,전라남도 함평군  나산면 수상길 55-23,35.1384836,126.6386576,061-322-8987,"1",1000.000000,11
"292",유촌,전라남도 함평군  나산면 구산원선길 189,35.1128549,126.5794046,061-323-8776,"1",1000.000000,3
"293",입석,전라남도 함평군  나산면 입석길 32,35.1335381,126.5993711,061-322-1109,"1",1000.000000,14
"294",축동,전라남도 함평군  나산면 삼축길 79,35.1227609,126.6024431,,"1",1000.000000,12
"295",광영,전라남도 함평군 나산면 함장로 1869-22,35.1016009,126.5616151,,"1",1000.000000,5
"296",상모,전라남도 함평군 해보면 상모길 61-4,35.1602453,126.5958874,061-322-0477,"1",1000.000000,8
"297",수산,전라남도 함평군 해보면 산내길599,35.1628915,126.6010204,061-323-0518,"1",1000.000000,8
"298",하모,전라남도 함평군 해보면 하모길 49,35.1573318,126.5967167,061-322-6900,"1",1000.000000,6
"299",운곡,전라남도 함평군 해보면 운곡길 30-4,35.1602545,126.5872977,061-323-3111,"1",1000.000000,0
"300",창서,전라남도 함평군 해보면 창서길 38,35.1568097,126.6058285,061-323-3315,"1",1000.000000,8
"301",성대,전라남도 함평군 해보면 성대길 16,35.1511743,126.6015162,,"1",1000.000000,8
"302",주현,전라남도 함평군 해보면 주현길 37,35.1753822,126.6064764,061-323-0633,"1",1000.000000,11
"303",천재등,전라남도 함평군 해보면 해삼로 302,35.175812,126.603493,,"1",1000.000000,11
"304",소성,전라남도 함평군 해보면 소성길 49-16,35.1659048,126.6072088,,"1",1000.000000,6
"305",대성,전라남도 함평군 해보면 해보대성길 61-4,35.1617568,126.6074365,061-323-0204,"1",1000.000000,8
"306",백토,전라남도 함평군 해보면 백토길 30-13,35.1733491,126.6059611,061-323-0154,"1",1000.000000,12
"307",문암,전라남도 함평군 해보면 구밀길 155,35.1893965,126.6075909,,"1",1000.000000,8
"308",상귀,전라남도 함평군 해보면 구밀길 92,35.1851207,126.6102768,061-323-0649,"1",1000.000000,14
"309",구미,전라남도 함평군 해보면 구밀길 51,35.1824649,126.6115692,061-323-0211,"1",1000.000000,11
"310",하귀,전라남도 함평군 해보면 하귀길 65-8,35.1792047,126.611563,061-323-2930,"1",1000.000000,9
"311",시장,전라남도 함평군 해보면 밀재로1268-13,35.1810935,126.6026001,061-323-8778,"1",1000.000000,13
"312",유정,전라남도 함평군 해보면 유정길 28,35.1785136,126.6014795,061-322-2341,"1",1000.000000,11
"313",금곡,전라남도 함평군 해보면 밀재로 1185-50,35.184632,126.594324,061-323-2028,"1",1000.000000,12
"314",고두,전라남도 함평군 해보면 금덕길 59,35.1865882,126.6029188,061-323-2450,"1",1000.000000,14
"315",만년,전라남도 함평군 해보면 해보만년길 146,35.1946614,126.5954304,061-323-3380,"1",1000.000000,8
"316",구계,전라남도 함평군 해보면 구계길 147,35.1914032,126.5886187,,"1",1000.000000,9
"317",모산,전라남도 함평군 해보면 모산길 75,35.1737516,126.5946881,,"1",1000.000000,6
"318",발미,전라남도 함평군 해보면 발미길 19,35.1766332,126.5866335,061-323-0534,"1",1000.000000,10
"319",월현,전라남도 함평군 해보면 해보월현길141,35.1729739,126.5804848,061-322-4904,"1",1000.000000,6
"320",금산,전라남도 함평군 해보면 해보금산길 73,35.1859964,126.5749477,061-322-0054,"1",1000.000000,4
"321",원산,전라남도 함평군 해보면 산내길 55-15,35.1740297,126.5534675,061-323-4564,"1",1000.000000,2
"322",광암,전라남도 함평군 해보면 용천사길 56-130,35.172524,126.5381886,,"1",1000.000000,6
"323",각궁,전라남도 함평군 해보면 각궁길 45,35.1512098,126.5469313,,"1",1000.000000,2
"324",해보,전라남도 함평군 해보면 밀재로 1267-40,35.182528,126.6018531,061-323-0443,"1",1000.000000,14
"325",오두,전라남도 함평군 해보면 올림픽로 1048-45,35.1641372,126.5447136,,"1",1000.000000,4
"326",내세,전라남도 함평군 월야면 내세길 6,35.1554908,126.6308586,061-323-2667,"1",1000.000000,7
"327",외세,전라남도 함평군 월야면 외세길 30-2,35.1585318,126.627425,,"1",1000.000000,14
"328",수창,전라남도 함평군 월야면 용머리길 172,35.1601999,126.6236609,061-323-7522,"1",1000.000000,12
"329",월봉,전라남도 함평군 월야면 월야월봉길 20-11,35.1626203,126.6236849,061-323-9507,"1",1000.000000,9
"330",용두,전라남도 함평군 월야면 용머리길 125,35.1575411,126.6200323,061-323-1147,"1",1000.000000,10
"331",양지,전라남도 함평군 월야면 갈동길 146-3,35.1614613,126.6407049,061-323-1412,"1",1000.000000,8
"332",방축,전라남도 함평군 월야면 방축길 13,35.1659275,126.6299801,061-323-7002,"1",1000.000000,11
"333",덕령,전라남도 함평군 월야면 덕령길 22,35.1645533,126.6427455,061-323-3334,"1",1000.000000,7
"334",석보,전라남도 함평군 월야면 갈동길 296-6,35.1737008,126.6410281,061-323-1907,"1",1000.000000,10
"335",백야,전라남도 함평군 월야면 백야길 116-165,35.1838809,126.6495077,061-323-5755,"1",1000.000000,2
"336",외치,전라남도 함평군 월야면 외치길 11-76,35.1725479,126.6624004,061-324-7799,"1",1000.000000,2
"337",월야면,전라남도 함평군 월야면 밀재로 1543,35.1791626,126.6309876,061-323-3048,"1",1000.000000,0
"338",월야여,전라남도 함평군 월야면 밀재로 1543,35.1791626,126.6309876,061-323-7856,"1",1000.000000,0
"339",월야1리,전라남도 함평군 월야면 전하길 63-4,35.1798934,126.6318503,061-323-1333,"1",1000.000000,0
"340",월야문화마을,전라남도 함평군 월야면 문화마을길 6-13,35.1782193,126.6355835,061-323-2235,"1",1000.000000,0
"341",순촌,전라남도 함평군 월야면 순송길 76,35.1828812,126.6386323,061-322-7116,"1",1000.000000,0
"342",장동,전라남도 함평군 월야면 문화로 655,35.1854499,126.6263248,061-323-9409,"1",1000.000000,0
"343",평촌,전라남도 함평군 월야면 월삼길 9,35.1893787,126.6274236,061-323-1217,"1",1000.000000,6
"344",금석,전라남도 함평군 월야면 금석길 49-1,35.1761254,126.6304622,061-323-8527,"1",1000.000000,0
"345",전하(월야5리),전라남도 함평군 월야면 전하길 7,35.1805432,126.6265918,061-322-1904,"1",1000.000000,0
"346",지변,전라남도 함평군 월야면 팔열부길 111,35.1882385,126.639328,,"1",1000.000000,5
"347",월악,전라남도 함평군 월야면 사인정길 15,35.1895159,126.6384579,,"1",1000.000000,6
"348",성주,전라남도 함평군 월야면 월삼길 64-31,35.1906466,126.6344941,061-323-1163,"1",1000.000000,8
"349",봉덕,전라남도 함평군 월야면 봉덕길 164,35.1997873,126.6359487,061-323-7308,"1",1000.000000,10
"350",노동,전라남도 함평군 월야면 월삼길 267,35.2056686,126.6426041,061-323-3244,"1",1000.000000,6
"351",연당,전라남도 함평군 월야면 연당길 11,35.198025,126.6400191,061-323-1595,"1",1000.000000,9
"352",시목,전라남도 함평군 월야면 시목길 34,35.2056557,126.6269136,061-322-2487,"1",1000.000000,11
"353",주전,전라남도 함평군 월야면 주전길 61,35.2095148,126.6334105,061-322-2442,"1",1000.000000,9
"354",장함,전라남도 함평군 월야면 주전길 22,35.2125056,126.6318217,061-323-3721,"1",1000.000000,9
"355",가차,전라남도 함평군 월야면 가차길 38,35.2091393,126.6296894,061-323-2468,"1",1000.000000,11
"356",죽림,전라남도 함평군 월야면 금치죽림길 77-5,35.2183764,126.6242226,,"1",1000.000000,7
"357",금치,전라남도 함평군 월야면 금치죽림길 16,35.2140899,126.6273372,061-324-8889,"1",1000.000000,9
"358",예동,전라남도 함평군 월야면 예동길 107,35.2145136,126.6211642,061-323-5494,"1",1000.000000,13
"359",신촌,전라남도 함평군 월야면 예동길 35,35.2137149,126.6212632,,"1",1000.000000,15
"360",신덕,전라남도 함평군 월야면 신덕길 6,35.2212412,126.6087903,061-323-1884,"1",1000.000000,12
"361",내정,전라남도 함평군 월야면 내정길 46,35.2056447,126.6181053,061-323-3711,"1",1000.000000,18
"362",화산,전라남도 함평군 월야면 월야화산길 20,35.2096582,126.6136773,061-323-1337,"1",1000.000000,18
"363",동촌,전라남도 함평군 월야면 동촌길 17-2,35.1985182,126.6145892,061-322-2231,"1",1000.000000,16
"364",대야,전라남도 함평군 월야면 월야장교길 18,35.199867,126.6112445,061-323-7684,"1",1000.000000,20
"365",서촌,전라남도 함평군 월야면 서촌길 45-7,35.1948278,126.6109471,061-322-7774,"1",1000.000000,19
"366",신기,전라남도 함평군 월야면 월야신기길 6,35.1991592,126.6176914,061-323-9922,"1",1000.000000,18
"367",방하,전라남도 함평군 월야면 방하길 25,35.2091002,126.604409,061-323-1766,"1",1000.000000,12
"368",연화,전라남도 함평군 월야면 연화길 48,35.2121361,126.6067744,,"1",1000.000000,12
"369",신성,전라남도 함평군 월야면 신성길 16,35.2024193,126.6029113,061-323-1049,"1",1000.000000,17
"370",은암,전라남도 함평군 월야면 은암길 178,35.2096429,126.5964651,061-323-3335,"1",1000.000000,6
"371",용정,전라남도 함평군 월야면 용정길 178,35.2055642,126.5930387,061-322-1912,"1",1000.000000,3
"372",복용,전라남도 함평군 월야면 복룡길 35,35.197121,126.5926243,061-323-3999,"1",1000.000000,5
"373",석계,전라남도 함평군 월야면 석계길 12-11,35.1098976,126.4291427,061-323-1120,"1",1000.000000,12
"374",용강,전라남도 함평군 월야면 용강길 65-6,35.2152132,126.599194,061-323-1182,"1",1000.000000,10
"375",덕산,전라남도 함평군 월야면 월야덕산길 6,35.2238299,126.6014427,061-323-5611,"1",1000.000000,10
